id,Дата,UserID,Продукт,Количество,Цена
0,2024-05-14,9935,Smartwatch,7,70.9
1,2024-02-25,9677,Smartwatch,3,70.34
2,2023-09-26,4038,Laptop,5,95.57
3,2024-01-01,2219,Tablet,4,62.73
4,2024-01-13,7681,Laptop,9,20.33
5,2024-03-25,5487,Headphones,4,31.28
6,2024-03-04,6796,Headphones,6,81.2
7,2023-08-08,5710,Smartphone,6,14.64
8,2023-11-24,4847,Smartwatch,0,75.59
9,2024-06-01,9085,Tablet,9,89.92
10,2024-01-23,4971,Headphones,8,64.27
11,2024-05-16,2894,Smartwatch,2,25.16
12,2023-10-25,3022,Headphones,4,65.21
13,2023-07-22,6042,Tablet,6,8.43
14,2023-10-06,5421,Tablet,8,94.43
15,2023-12-16,2948,Laptop,3,52.34
16,2024-05-02,3204,Smartphone,9,45.8
17,2023-08-15,1246,Laptop,6,68.27
18,2023-09-01,4223,Tablet,9,51.58
19,2024-04-03,6982,Smartphone,6,29.74
20,2024-05-28,3969,Laptop,5,34.02
21,2023-10-03,6307,Tablet,7,67.99
22,2023-10-19,4360,Laptop,8,46.31
23,2023-08-10,9227,Headphones,3,45.58
24,2023-12-01,4437,Headphones,1,62.33
25,2024-02-02,9862,Laptop,0,77.04
26,2023-09-12,7848,Smartphone,8,26.02
27,2024-03-04,7940,Smartwatch,4,63.18
28,2023-12-07,9953,Smartwatch,4,20.72
29,2024-06-16,6444,Headphones,7,49.19
30,2024-02-06,1228,Laptop,8,29.34
31,2024-01-16,9776,Smartphone,0,86.85
32,2024-04-16,9508,Headphones,7,64.39
33,2024-07-02,6260,Headphones,8,74.11
34,2023-08-08,3614,Smartwatch,9,48.52
35,2024-03-10,3140,Smartphone,7,74.43
36,2024-06-01,6572,Smartwatch,8,95.29
37,2024-01-26,9904,Smartwatch,4,8.55
38,2023-11-21,3043,Smartphone,3,30.66
39,2024-05-20,7147,Tablet,8,40.91
40,2024-01-03,1857,Laptop,4,9.53
41,2023-08-22,4344,Laptop,3,7.05
42,2023-12-27,4147,Headphones,1,35.78
43,2023-11-03,1929,Smartwatch,1,40.66
44,2023-07-22,4740,Smartwatch,1,21.59
45,2024-03-03,6281,Laptop,1,82.49
46,2024-05-06,7336,Smartphone,4,31.37
47,2024-03-27,8580,Laptop,6,70.28
48,2024-04-07,2767,Smartphone,7,43.55
49,2024-01-25,6073,Tablet,4,29.09
50,2023-09-26,4905,Smartwatch,5,27.4
51,2024-03-28,9227,Smartphone,9,30.17
52,2023-08-06,3156,Smartphone,0,20.82
53,2023-10-30,7856,Smartwatch,3,99.13
54,2024-02-10,7211,Smartphone,6,61.23
55,2024-03-09,5613,Headphones,0,14.62
56,2024-07-04,2626,Tablet,0,91.7
57,2023-09-28,7525,Laptop,9,62.96
58,2024-07-12,1105,Tablet,8,3.35
59,2023-12-02,2775,Smartphone,7,94.51
60,2023-11-05,5201,Laptop,6,70.21
61,2023-12-19,1085,Laptop,2,58.49
62,2023-09-13,8186,Smartphone,7,73.53
63,2024-04-28,6330,Headphones,9,25.49
64,2024-03-03,8084,Smartphone,5,61.03
65,2024-05-30,3113,Smartwatch,0,55.14
66,2023-10-13,9560,Laptop,7,67.28
67,2023-10-25,7161,Headphones,5,4.52
68,2023-09-03,9764,Smartphone,1,6.02
69,2024-05-09,7885,Tablet,7,79.96
70,2024-04-04,8179,Headphones,2,59.17
71,2023-08-15,5758,Smartphone,9,45.73
72,2024-01-18,6056,Tablet,3,27.25
73,2024-04-12,1209,Headphones,5,15.34
74,2023-08-17,4943,Laptop,3,25.65
75,2023-11-25,4122,Headphones,8,20.67
76,2024-06-17,9294,Laptop,0,59.61
77,2024-02-14,8195,Laptop,9,83.74
78,2023-09-07,4150,Smartwatch,7,2.53
79,2023-11-02,1368,Laptop,8,7.26
80,2023-11-13,1713,Smartphone,4,38.09
81,2023-11-09,5320,Headphones,5,24.21
82,2024-01-08,4215,Smartwatch,3,73.4
83,2024-07-03,2780,Tablet,9,89.17
84,2024-03-23,1166,Smartphone,8,38.72
85,2024-06-04,5983,Headphones,7,98.91
86,2023-11-14,1740,Smartphone,0,91.79
87,2023-08-06,2909,Tablet,7,4.46
88,2023-10-10,8766,Tablet,8,63.1
89,2023-07-18,2579,Laptop,3,25.04
90,2024-01-22,2881,Tablet,9,27.23
91,2024-05-14,6884,Smartwatch,8,10.92
92,2024-07-06,2276,Tablet,9,2.12
93,2024-07-09,4273,Tablet,0,35.78
94,2023-09-22,3320,Smartphone,4,26.67
95,2024-04-03,3117,Tablet,7,40.94
96,2024-02-12,8122,Smartphone,9,77.8
97,2023-09-26,3855,Headphones,4,46.19
98,2023-11-21,5239,Smartphone,8,9.52
99,2024-04-29,9863,Smartwatch,3,35.51
100,2023-12-06,1602,Laptop,3,29.39
101,2023-08-30,9992,Smartwatch,0,98.11
102,2023-10-29,7431,Smartphone,0,15.88
103,2024-03-31,9298,Smartwatch,1,32.91
104,2024-04-28,4593,Tablet,5,52.04
105,2024-03-17,6978,Smartphone,6,45.7
106,2023-11-21,8670,Tablet,5,24.32
107,2023-11-01,2287,Tablet,0,10.54
108,2023-10-12,8893,Smartphone,9,69.1
109,2023-11-26,3548,Tablet,7,35.05
110,2023-08-21,1878,Smartwatch,9,57.49
111,2023-08-17,2681,Headphones,1,87.39
112,2023-09-01,4561,Tablet,6,69.56
113,2023-10-23,4588,Smartphone,6,38.78
114,2024-01-27,4321,Smartwatch,0,84.51
115,2023-12-26,1136,Laptop,3,44.73
116,2023-08-21,7514,Headphones,1,84.42
117,2023-11-13,7438,Smartphone,4,82.83
118,2024-03-14,6911,Smartwatch,8,67.18
119,2023-11-01,4386,Laptop,0,6.69
120,2024-03-31,4541,Headphones,0,13.81
121,2023-12-08,1382,Laptop,6,90.57
122,2023-10-15,7489,Smartphone,5,67.47
123,2023-10-30,8320,Tablet,9,82.9
124,2023-09-11,2255,Tablet,7,19.56
125,2024-05-08,7342,Laptop,1,68.39
126,2024-06-17,4857,Smartphone,8,97.08
127,2024-04-18,1458,Smartwatch,4,32.79
128,2023-12-24,4438,Smartphone,7,18.82
129,2024-01-13,7691,Headphones,3,28.66
130,2023-12-04,5132,Smartwatch,5,42.51
131,2024-04-15,5905,Smartwatch,8,37.14
132,2024-01-06,2093,Smartwatch,3,52.68
133,2024-01-14,2718,Smartwatch,5,60.37
134,2023-11-03,9877,Tablet,7,91.36
135,2023-12-26,6426,Headphones,9,45.08
136,2023-09-16,9112,Smartphone,0,97.02
137,2023-08-30,8060,Smartwatch,9,61.47
138,2024-01-09,2798,Headphones,5,23.02
139,2024-04-16,9038,Headphones,4,40.85
140,2024-01-29,1005,Smartphone,3,2.92
141,2023-08-17,8827,Headphones,0,0.07
142,2023-12-18,3116,Smartwatch,0,55.81
143,2023-09-07,5347,Headphones,8,0.01
144,2024-04-20,2741,Smartwatch,4,8.7
145,2023-12-08,5597,Tablet,8,44.42
146,2023-11-13,4978,Tablet,3,34.01
147,2024-06-15,9048,Laptop,5,31.01
148,2023-09-24,3641,Smartphone,6,80.33
149,2024-05-06,7798,Smartwatch,2,63.65
150,2023-09-02,8289,Headphones,5,43.58
151,2023-11-26,4427,Smartwatch,6,28.37
152,2024-02-04,9177,Laptop,2,58.34
153,2023-11-25,8212,Smartphone,0,57.78
154,2023-12-22,9483,Smartphone,6,23.57
155,2023-08-03,4662,Laptop,1,59.38
156,2023-11-17,8118,Laptop,0,26.59
157,2023-09-16,9985,Headphones,6,84.47
158,2023-12-09,3413,Headphones,3,80.59
159,2024-04-01,5015,Smartwatch,3,13.69
160,2023-09-27,4708,Tablet,2,63.24
161,2024-04-10,9772,Smartphone,1,34.99
162,2023-11-20,2826,Laptop,1,8.25
163,2024-06-19,4839,Smartphone,9,53.11
164,2024-05-27,3250,Smartphone,4,74.98
165,2023-10-13,3600,Smartwatch,3,50.0
166,2024-05-04,7539,Smartphone,0,72.75
167,2023-12-20,8162,Smartphone,9,10.18
168,2024-04-23,2361,Smartwatch,3,16.97
169,2023-11-27,5480,Tablet,8,74.1
170,2023-12-10,8804,Tablet,9,12.4
171,2023-08-15,6278,Smartphone,9,55.33
172,2023-08-29,2266,Smartphone,1,1.18
173,2023-12-11,3297,Tablet,8,83.16
174,2023-11-19,6145,Headphones,1,52.56
175,2023-09-13,2558,Laptop,0,48.07
176,2023-11-18,7216,Smartwatch,0,96.99
177,2023-09-01,3189,Headphones,6,77.42
178,2023-09-14,4109,Laptop,0,6.34
179,2023-07-27,3707,Smartwatch,1,6.87
180,2024-03-05,9062,Tablet,2,88.93
181,2024-07-11,3484,Tablet,0,97.81
182,2023-10-29,3015,Smartphone,6,74.09
183,2023-08-06,3926,Headphones,2,96.75
184,2024-03-28,8899,Smartwatch,6,72.54
185,2024-05-01,3026,Laptop,3,29.88
186,2023-11-20,8657,Smartwatch,9,33.04
187,2023-12-08,9886,Tablet,1,44.35
188,2024-02-24,1666,Tablet,8,53.41
189,2023-12-23,2376,Smartphone,3,59.1
190,2024-07-07,1229,Tablet,3,98.05
191,2023-11-14,9941,Smartphone,3,71.12
192,2023-11-06,9514,Headphones,1,0.24
193,2024-07-03,3687,Smartphone,6,86.97
194,2024-07-07,5679,Smartwatch,7,84.85
195,2024-02-16,7486,Laptop,6,66.52
196,2023-12-31,9107,Tablet,5,66.36
197,2024-01-28,4821,Smartwatch,4,76.06
198,2023-07-30,2744,Smartphone,5,33.6
199,2023-10-06,7450,Smartwatch,6,98.68
200,2023-11-04,5376,Smartphone,6,42.14
201,2024-06-24,9015,Laptop,4,82.71
202,2023-10-16,4449,Smartphone,4,16.52
203,2024-03-25,7175,Smartphone,5,71.62
204,2024-01-18,2843,Smartphone,8,4.71
205,2023-09-11,8776,Tablet,5,16.89
206,2023-12-10,6711,Smartwatch,9,55.18
207,2024-06-28,1894,Laptop,5,96.65
208,2024-04-28,4308,Smartwatch,5,28.9
209,2023-08-11,2872,Laptop,9,23.14
210,2023-11-13,7897,Headphones,4,25.24
211,2023-09-26,1029,Tablet,0,20.65
212,2024-03-18,2338,Laptop,2,0.79
213,2024-04-30,5680,Tablet,6,44.96
214,2024-05-03,3943,Laptop,6,22.42
215,2023-10-15,4403,Smartwatch,9,46.21
216,2023-08-11,6522,Headphones,3,97.3
217,2024-05-27,9260,Headphones,8,7.76
218,2023-10-04,2539,Headphones,7,46.05
219,2024-02-24,1231,Laptop,5,97.43
220,2024-04-01,9558,Smartphone,8,62.52
221,2024-03-28,4365,Smartwatch,3,14.64
222,2024-02-07,9289,Laptop,2,90.16
223,2023-11-26,6441,Headphones,3,24.82
224,2024-06-09,4270,Headphones,8,16.84
225,2024-01-06,2830,Headphones,3,20.86
226,2023-07-25,9507,Headphones,2,16.58
227,2023-08-09,1997,Headphones,4,3.26
228,2024-01-11,4866,Tablet,9,51.63
229,2024-01-30,9344,Laptop,0,93.87
230,2023-07-27,4379,Smartphone,2,50.04
231,2023-10-17,7916,Headphones,2,13.69
232,2024-04-05,5721,Smartphone,2,95.31
233,2024-04-08,2389,Headphones,9,75.12
234,2024-04-28,9001,Smartphone,6,50.91
235,2023-10-26,2328,Laptop,4,20.41
236,2023-12-12,1338,Tablet,1,58.45
237,2024-04-27,2075,Tablet,0,29.4
238,2023-08-20,1355,Smartwatch,5,92.06
239,2024-04-13,1848,Smartwatch,9,41.44
240,2024-06-28,6990,Headphones,8,66.06
241,2024-05-12,2745,Tablet,1,52.94
242,2023-09-22,2241,Smartwatch,6,45.22
243,2023-08-02,3524,Tablet,0,81.79
244,2024-03-10,4565,Smartphone,5,64.54
245,2023-12-09,7753,Headphones,7,88.46
246,2024-07-02,5482,Headphones,0,0.34
247,2024-05-01,1423,Tablet,3,81.12
248,2024-03-15,4146,Tablet,7,66.74
249,2023-08-14,3173,Headphones,9,53.36
250,2023-09-12,7795,Smartphone,5,42.65
251,2024-02-24,2490,Headphones,6,51.59
252,2023-10-04,7259,Smartwatch,1,58.25
253,2024-04-10,1799,Smartphone,5,61.12
254,2023-07-24,4412,Smartphone,3,62.42
255,2024-05-07,4140,Smartwatch,6,99.07
256,2023-11-19,8814,Laptop,0,99.32
257,2023-11-13,6691,Headphones,8,37.0
258,2023-11-03,8583,Smartphone,2,99.6
259,2023-09-07,6006,Tablet,4,44.3
260,2024-05-20,3995,Smartwatch,7,72.16
261,2023-09-24,8043,Laptop,7,60.04
262,2023-08-18,5130,Headphones,0,51.76
263,2024-02-13,3121,Tablet,5,81.68
264,2024-01-14,6768,Smartwatch,1,91.8
265,2023-11-13,2587,Smartphone,7,24.83
266,2023-09-11,9989,Smartwatch,4,31.77
267,2024-05-30,5436,Tablet,5,34.49
268,2024-06-12,1514,Smartphone,4,88.21
269,2024-03-13,6083,Smartphone,0,2.15
270,2024-03-04,3527,Laptop,8,71.16
271,2024-07-01,2743,Laptop,7,31.89
272,2023-09-23,8679,Smartphone,0,81.43
273,2023-12-09,9369,Tablet,2,22.54
274,2024-02-09,6386,Smartphone,0,73.48
275,2023-12-19,6938,Tablet,9,97.36
276,2024-01-13,4619,Smartwatch,5,31.2
277,2024-05-24,7931,Tablet,5,91.77
278,2024-06-15,5604,Smartphone,2,5.34
279,2023-10-19,2702,Tablet,2,70.62
280,2023-10-01,6926,Tablet,4,34.37
281,2024-06-20,3508,Laptop,5,33.03
282,2023-10-30,2519,Smartwatch,3,53.18
283,2024-06-08,7693,Tablet,9,5.48
284,2024-02-27,8007,Smartphone,7,39.22
285,2024-06-22,8680,Smartwatch,5,78.24
286,2023-10-31,8801,Smartphone,1,85.26
287,2023-11-22,1300,Smartphone,2,69.26
288,2023-12-14,8081,Laptop,0,66.55
289,2023-07-20,1966,Laptop,9,28.85
290,2024-04-25,4542,Tablet,4,15.45
291,2024-06-13,3872,Smartphone,2,86.86
292,2024-04-24,7804,Smartwatch,3,9.94
293,2023-09-29,5270,Laptop,2,15.33
294,2024-02-14,3757,Tablet,9,53.6
295,2024-07-04,2136,Laptop,1,35.33
296,2024-05-04,9879,Laptop,6,0.38
297,2024-05-27,5280,Headphones,7,88.24
298,2024-02-02,8086,Laptop,7,86.52
299,2024-05-10,9851,Smartphone,5,14.85
300,2024-07-05,3610,Headphones,4,63.54
301,2024-03-01,9711,Smartphone,0,44.92
302,2024-03-05,9387,Smartphone,8,27.45
303,2023-12-13,2374,Laptop,2,62.89
304,2023-09-16,9449,Smartwatch,3,71.24
305,2024-06-10,2230,Tablet,5,47.25
306,2024-06-09,1016,Smartphone,5,25.79
307,2024-06-16,9287,Tablet,6,38.71
308,2023-11-27,3533,Smartwatch,4,16.78
309,2024-03-31,5532,Headphones,8,8.52
310,2023-11-27,8585,Smartwatch,8,20.28
311,2024-03-18,9552,Tablet,9,14.12
312,2023-11-20,1238,Smartphone,4,1.53
313,2024-01-24,3681,Laptop,8,40.68
314,2024-02-26,4125,Tablet,8,17.53
315,2024-05-25,2363,Smartwatch,8,80.4
316,2024-01-26,5337,Tablet,4,89.55
317,2024-01-02,6967,Headphones,0,28.52
318,2023-09-06,7929,Tablet,5,98.68
319,2024-06-22,1696,Headphones,9,81.05
320,2024-01-16,6921,Smartwatch,7,88.62
321,2024-01-04,5641,Smartphone,4,16.58
322,2024-06-09,6406,Smartphone,4,32.34
323,2023-12-13,8776,Laptop,5,92.83
324,2023-11-03,4807,Smartwatch,6,40.95
325,2024-02-10,3458,Laptop,0,36.55
326,2024-04-14,5489,Smartphone,6,81.09
327,2023-12-17,3666,Smartwatch,4,35.4
328,2023-10-14,1948,Smartwatch,0,81.47
329,2023-10-25,5423,Tablet,6,15.29
330,2024-05-16,3858,Smartphone,8,6.58
331,2024-06-15,4518,Headphones,2,76.95
332,2024-01-26,8566,Tablet,9,33.47
333,2024-06-25,2167,Smartwatch,6,68.37
334,2024-05-11,4407,Smartwatch,0,17.14
335,2023-11-08,3855,Headphones,9,62.96
336,2023-10-24,5127,Smartphone,0,87.56
337,2024-04-01,9249,Laptop,6,80.19
338,2024-07-07,4418,Tablet,5,52.63
339,2023-09-16,5834,Laptop,0,69.24
340,2024-04-23,7789,Laptop,6,48.75
341,2024-03-14,7416,Tablet,9,36.46
342,2024-05-01,9338,Smartphone,8,5.29
343,2023-11-28,2328,Tablet,3,58.48
344,2023-12-15,3893,Laptop,9,68.23
345,2023-12-28,3967,Tablet,8,12.78
346,2024-01-03,9079,Tablet,8,42.74
347,2024-05-20,3132,Headphones,8,67.0
348,2024-05-06,1205,Laptop,9,21.65
349,2023-10-01,3324,Headphones,6,73.8
350,2024-07-06,2296,Headphones,3,20.06
351,2024-06-03,3722,Headphones,3,25.84
352,2023-12-05,5233,Smartphone,7,26.42
353,2023-11-02,2222,Tablet,9,15.67
354,2023-10-14,2908,Laptop,8,9.0
355,2023-11-23,7683,Smartwatch,3,84.21
356,2023-12-11,8258,Smartwatch,5,53.99
357,2024-01-13,2313,Smartwatch,2,59.31
358,2023-12-03,6376,Smartwatch,2,78.69
359,2024-05-09,8328,Headphones,9,3.58
360,2024-04-04,5516,Smartwatch,2,4.39
361,2024-04-07,9577,Smartwatch,2,48.67
362,2023-12-13,1581,Headphones,3,42.32
363,2023-10-04,8786,Tablet,3,43.2
364,2023-11-28,4292,Smartphone,8,40.36
365,2024-02-15,9541,Headphones,4,21.86
366,2023-09-25,5338,Smartphone,1,19.13
367,2023-10-18,6138,Tablet,0,98.7
368,2023-11-09,1937,Smartwatch,0,76.99
369,2024-04-17,6657,Laptop,6,38.75
370,2024-05-14,7577,Headphones,6,71.07
371,2023-11-03,6082,Headphones,3,6.11
372,2024-04-16,5890,Laptop,9,17.12
373,2024-04-09,7385,Tablet,2,81.01
374,2024-03-11,8855,Tablet,9,6.19
375,2023-10-10,5590,Tablet,1,8.8
376,2024-01-14,1292,Tablet,5,73.13
377,2023-11-25,6876,Laptop,2,49.92
378,2024-04-23,1903,Smartwatch,9,2.33
379,2024-03-08,7463,Headphones,1,38.7
380,2023-11-17,3691,Laptop,6,10.94
381,2024-04-27,8856,Smartphone,9,48.79
382,2023-08-07,7339,Headphones,7,79.7
383,2024-02-16,4055,Smartwatch,5,45.0
384,2023-09-02,5480,Smartphone,5,38.29
385,2023-11-09,1122,Laptop,4,19.86
386,2024-03-19,4864,Laptop,3,53.1
387,2024-01-24,7675,Headphones,0,85.51
388,2023-11-12,9645,Smartphone,3,34.79
389,2024-03-19,3421,Tablet,2,31.54
390,2024-03-08,2741,Smartphone,7,83.68
391,2024-01-08,5755,Tablet,0,48.6
392,2023-11-22,2021,Smartphone,1,89.34
393,2023-12-25,2527,Smartphone,8,7.71
394,2023-11-01,6802,Headphones,5,31.58
395,2023-12-07,7498,Headphones,1,90.62
396,2024-04-16,8575,Laptop,0,16.51
397,2023-07-19,8704,Laptop,7,27.28
398,2023-10-14,9937,Laptop,5,1.26
399,2024-05-01,4568,Laptop,7,88.75
400,2023-11-22,1043,Tablet,5,28.36
401,2024-03-18,6560,Smartphone,1,8.02
402,2023-08-04,2819,Smartphone,2,13.3
403,2024-04-07,5701,Smartwatch,4,73.75
404,2024-04-20,8351,Laptop,9,44.3
405,2023-07-31,9328,Headphones,5,39.41
406,2023-12-27,3005,Smartwatch,1,10.39
407,2023-09-19,2916,Tablet,8,96.2
408,2023-09-28,3610,Tablet,9,70.27
409,2023-09-19,9271,Laptop,4,3.25
410,2024-01-08,3760,Smartwatch,0,96.39
411,2024-02-24,3948,Laptop,0,1.42
412,2023-12-07,1111,Smartphone,3,59.0
413,2024-06-01,1927,Smartwatch,7,73.58
414,2023-08-22,7845,Smartphone,1,64.76
415,2024-04-02,4141,Smartphone,0,44.25
416,2023-09-01,4059,Headphones,2,93.7
417,2024-01-20,6505,Smartwatch,3,13.98
418,2024-01-16,7831,Tablet,4,22.39
419,2023-12-03,3332,Smartphone,5,29.37
420,2024-06-23,1736,Laptop,0,94.35
421,2024-02-23,3907,Laptop,5,73.92
422,2024-02-10,8804,Smartwatch,7,70.75
423,2024-07-08,3428,Headphones,0,38.55
424,2024-04-20,7694,Headphones,1,36.6
425,2024-02-15,9908,Headphones,0,27.57
426,2023-12-23,5605,Laptop,4,83.97
427,2024-05-23,4072,Smartwatch,3,15.26
428,2024-01-27,1496,Headphones,1,12.63
429,2023-12-29,7970,Smartwatch,7,26.67
430,2024-04-28,2854,Smartwatch,5,84.14
431,2024-05-15,6046,Smartwatch,2,75.62
432,2024-02-09,4626,Smartwatch,3,53.81
433,2023-10-31,2692,Laptop,5,49.77
434,2024-06-05,5101,Smartwatch,6,68.59
435,2023-11-10,6358,Smartwatch,2,68.7
436,2023-10-27,8707,Laptop,5,9.43
437,2023-11-10,7090,Laptop,8,94.9
438,2023-07-29,1316,Tablet,3,92.26
439,2023-11-25,8932,Smartwatch,5,58.91
440,2024-03-15,9454,Headphones,5,50.46
441,2023-08-08,1316,Laptop,9,59.81
442,2023-11-24,6123,Laptop,8,51.19
443,2024-02-12,3765,Laptop,9,59.92
444,2023-07-18,4847,Headphones,1,6.23
445,2023-08-18,4303,Headphones,7,0.12
446,2024-01-18,6199,Laptop,2,34.56
447,2023-11-24,5073,Headphones,2,99.17
448,2024-01-25,8032,Smartwatch,1,6.07
449,2023-10-29,5268,Smartwatch,0,67.53
450,2024-01-21,8750,Laptop,1,12.33
451,2023-08-09,5277,Smartwatch,5,19.73
452,2024-03-01,9669,Smartphone,3,0.72
453,2023-11-07,9718,Smartphone,5,98.12
454,2024-04-04,6969,Tablet,0,85.44
455,2024-06-29,8487,Headphones,2,37.97
456,2024-05-16,3794,Smartphone,1,98.98
457,2024-03-26,9297,Tablet,9,86.86
458,2023-08-13,9091,Laptop,0,92.02
459,2024-05-06,8716,Smartphone,9,21.57
460,2023-10-05,5339,Tablet,8,3.35
461,2024-06-11,7940,Tablet,6,41.09
462,2024-04-19,1778,Tablet,6,18.93
463,2023-08-11,4951,Headphones,5,17.56
464,2024-02-10,2628,Smartphone,6,12.46
465,2023-10-18,1974,Headphones,8,22.22
466,2024-03-09,8192,Laptop,7,17.18
467,2024-03-22,7451,Smartphone,8,41.91
468,2023-10-25,6750,Tablet,2,36.2
469,2023-12-04,3725,Laptop,3,4.67
470,2024-04-27,2491,Smartwatch,8,42.32
471,2024-06-21,9751,Tablet,3,56.85
472,2023-11-27,7151,Smartphone,3,88.6
473,2023-09-09,9615,Smartwatch,8,33.18
474,2024-02-14,6506,Tablet,7,61.3
475,2023-08-20,3420,Laptop,7,92.55
476,2023-10-16,8946,Laptop,5,5.06
477,2023-11-14,2286,Tablet,1,27.54
478,2023-08-30,9207,Laptop,6,61.29
479,2024-02-08,2977,Tablet,7,61.73
480,2024-01-08,2228,Tablet,9,77.01
481,2023-12-16,9952,Tablet,9,80.55
482,2023-10-18,5516,Smartwatch,3,5.06
483,2023-10-31,3676,Smartphone,5,53.58
484,2023-11-26,9484,Laptop,8,36.41
485,2024-04-26,9026,Laptop,4,16.15
486,2023-12-13,7774,Headphones,9,81.21
487,2024-06-26,2861,Tablet,4,35.91
488,2024-05-10,1238,Laptop,6,77.1
489,2023-12-31,2211,Smartwatch,6,99.75
490,2024-06-23,5895,Smartphone,5,75.83
491,2024-04-14,7880,Laptop,5,96.79
492,2023-09-20,1221,Headphones,2,78.5
493,2024-01-13,4927,Laptop,3,76.03
494,2024-05-06,6843,Headphones,8,36.64
495,2023-09-30,6082,Smartphone,6,43.99
496,2024-06-23,8638,Tablet,8,64.88
497,2024-04-25,2180,Smartwatch,9,62.93
498,2024-04-27,2453,Smartphone,8,52.05
499,2023-12-14,4514,Smartwatch,3,96.21
500,2023-07-19,4020,Smartphone,6,43.18
501,2024-04-08,8531,Headphones,7,12.29
502,2024-06-21,1032,Smartwatch,7,82.56
503,2023-09-12,5175,Laptop,1,71.09
504,2023-09-04,8511,Smartphone,7,32.36
505,2024-06-13,4843,Smartwatch,1,27.13
506,2024-07-05,5692,Smartwatch,3,12.78
507,2023-08-06,9678,Tablet,8,37.69
508,2023-10-26,5230,Smartphone,0,28.38
509,2024-05-30,9230,Laptop,8,81.94
510,2023-11-10,4859,Headphones,9,28.14
511,2024-01-15,3738,Tablet,6,96.12
512,2023-08-10,3827,Smartphone,0,3.64
513,2023-10-15,2285,Tablet,8,32.36
514,2024-06-26,9398,Tablet,6,43.98
515,2024-06-25,6047,Smartwatch,7,19.9
516,2024-01-30,6704,Smartphone,0,23.88
517,2024-03-02,2509,Tablet,8,88.98
518,2024-04-11,7115,Laptop,4,75.63
519,2024-04-30,6827,Headphones,9,65.74
520,2024-07-04,2157,Smartphone,8,83.95
521,2023-08-21,3556,Smartwatch,1,69.39
522,2023-12-10,2423,Smartwatch,5,96.35
523,2023-10-08,1016,Headphones,8,69.94
524,2024-06-04,5133,Smartwatch,6,20.97
525,2023-11-20,2101,Smartphone,7,22.93
526,2024-02-23,1342,Smartphone,1,31.42
527,2023-07-20,7736,Smartwatch,9,4.29
528,2024-04-16,4735,Headphones,0,6.16
529,2024-01-24,5043,Headphones,3,72.66
530,2024-01-11,5544,Smartwatch,6,54.42
531,2023-12-07,2267,Smartwatch,3,22.88
532,2024-01-17,6165,Tablet,4,67.38
533,2023-12-01,8657,Smartwatch,9,23.82
534,2024-04-05,4812,Headphones,6,21.47
535,2024-03-05,8367,Headphones,0,70.04
536,2023-09-14,8809,Smartwatch,6,66.07
537,2023-11-18,3294,Smartphone,6,76.08
538,2024-05-11,1390,Smartwatch,9,79.72
539,2024-02-10,4714,Laptop,6,62.07
540,2024-03-30,9722,Laptop,2,3.82
541,2023-12-04,8364,Smartphone,0,55.51
542,2023-07-31,9899,Tablet,9,50.33
543,2023-12-22,9625,Headphones,2,65.14
544,2024-02-03,4953,Headphones,0,16.84
545,2023-10-27,6032,Tablet,2,36.44
546,2023-09-12,3342,Laptop,2,94.63
547,2023-12-16,8778,Laptop,3,47.55
548,2024-06-15,1959,Smartphone,6,59.38
549,2023-11-09,8339,Smartwatch,6,95.69
550,2024-05-22,7226,Headphones,6,54.2
551,2023-12-20,4534,Smartwatch,8,2.95
552,2023-08-05,5714,Headphones,7,3.72
553,2024-07-02,8426,Tablet,5,49.13
554,2024-01-26,9079,Smartphone,0,15.21
555,2024-04-24,1226,Headphones,2,3.61
556,2023-07-28,4151,Laptop,6,94.8
557,2024-03-20,9616,Tablet,5,35.4
558,2023-11-12,9532,Headphones,9,77.07
559,2024-03-14,5093,Smartphone,1,31.42
560,2024-06-15,9116,Laptop,0,53.93
561,2023-10-27,4221,Tablet,6,88.46
562,2024-02-20,6964,Tablet,1,0.45
563,2024-03-22,4131,Smartphone,6,27.5
564,2024-01-12,2604,Smartwatch,0,41.87
565,2024-04-04,2198,Smartwatch,2,19.44
566,2024-01-12,2289,Headphones,5,94.29
567,2023-11-08,5913,Laptop,8,65.55
568,2024-02-23,1510,Tablet,1,34.95
569,2024-04-11,5107,Smartphone,8,86.51
570,2023-10-16,8370,Headphones,1,62.55
571,2024-06-06,3952,Laptop,5,59.94
572,2024-01-04,1795,Smartphone,1,62.4
573,2024-05-26,3468,Smartphone,0,87.36
574,2024-02-21,6149,Smartwatch,2,81.55
575,2023-11-04,1855,Tablet,5,66.39
576,2023-10-31,4056,Smartphone,6,90.77
577,2023-10-04,3869,Smartwatch,4,34.32
578,2023-09-17,3359,Tablet,1,58.43
579,2024-06-07,6170,Smartwatch,7,51.74
580,2024-04-11,7279,Tablet,8,81.38
581,2024-03-27,8376,Headphones,0,10.57
582,2024-06-21,8260,Headphones,4,83.94
583,2023-08-07,3609,Headphones,1,3.98
584,2023-08-06,8386,Tablet,3,47.9
585,2023-09-14,9978,Headphones,9,9.68
586,2023-09-09,7690,Headphones,4,12.43
587,2023-08-07,8217,Smartphone,9,89.46
588,2023-09-29,5085,Headphones,2,68.15
589,2023-11-17,8934,Smartphone,9,31.82
590,2023-10-08,2821,Tablet,0,37.05
591,2023-09-16,8559,Smartphone,4,67.98
592,2023-08-10,4207,Laptop,8,69.13
593,2023-10-28,9663,Smartwatch,9,24.59
594,2024-02-06,6198,Smartwatch,7,44.84
595,2023-10-13,5882,Laptop,1,45.99
596,2023-12-03,5894,Headphones,0,55.73
597,2024-04-26,6769,Headphones,9,31.96
598,2024-06-22,5874,Smartwatch,5,25.74
599,2023-09-17,8954,Smartphone,6,10.85
600,2023-09-23,9916,Smartwatch,6,27.06
601,2023-10-24,3835,Headphones,3,2.05
602,2023-12-12,7789,Smartphone,0,27.57
603,2023-07-21,1490,Tablet,4,82.77
604,2024-04-03,3270,Smartwatch,5,96.73
605,2023-09-19,8657,Laptop,8,53.97
606,2024-04-28,4528,Smartwatch,6,65.35
607,2024-01-19,3953,Laptop,8,52.43
608,2023-09-25,2843,Smartwatch,8,0.04
609,2023-07-19,2002,Smartphone,4,69.6
610,2023-12-13,8315,Tablet,4,88.45
611,2024-05-30,4028,Smartwatch,3,69.41
612,2023-08-25,5699,Headphones,4,42.81
613,2023-12-12,7144,Tablet,7,54.38
614,2024-05-28,9785,Smartphone,0,91.56
615,2024-06-03,5729,Headphones,1,7.58
616,2024-04-29,9227,Smartwatch,2,17.08
617,2024-03-29,6122,Smartphone,5,61.41
618,2024-01-12,5814,Tablet,9,7.16
619,2024-03-24,1206,Smartwatch,7,85.53
620,2023-10-16,2242,Smartwatch,0,15.19
621,2024-04-10,2367,Laptop,7,6.69
622,2024-05-31,3193,Smartwatch,3,0.99
623,2024-07-15,1651,Smartwatch,8,31.96
624,2024-03-03,4602,Smartwatch,2,91.62
625,2023-08-22,4205,Laptop,1,49.4
626,2024-05-16,4089,Smartphone,4,75.28
627,2024-02-29,9696,Headphones,2,55.21
628,2023-12-16,8183,Smartwatch,7,22.2
629,2024-04-28,4804,Headphones,2,27.95
630,2024-05-07,6940,Smartphone,6,45.75
631,2024-01-11,5632,Smartphone,9,47.07
632,2024-04-16,3694,Headphones,6,35.3
633,2023-11-07,5477,Smartwatch,1,85.38
634,2023-08-03,8198,Headphones,7,34.65
635,2023-08-12,9986,Smartwatch,3,90.35
636,2023-07-21,6073,Smartwatch,6,91.42
637,2023-12-04,6725,Tablet,5,14.68
638,2023-08-04,3460,Tablet,1,63.88
639,2024-02-28,7422,Tablet,3,90.19
640,2023-08-19,7500,Smartphone,7,36.29
641,2023-11-23,1708,Laptop,5,6.21
642,2024-01-18,7149,Smartphone,4,85.1
643,2024-03-05,1617,Smartphone,8,0.38
644,2023-10-23,7529,Smartwatch,8,72.63
645,2024-05-06,3480,Tablet,6,33.57
646,2024-06-08,6025,Laptop,5,14.88
647,2024-01-03,7203,Smartphone,7,40.86
648,2024-06-26,4810,Smartphone,5,81.98
649,2024-03-09,2708,Smartphone,3,43.56
650,2023-12-26,3206,Smartphone,6,30.87
651,2024-06-12,9815,Headphones,1,56.73
652,2023-12-15,7538,Smartphone,6,48.39
653,2023-12-02,9849,Laptop,4,4.62
654,2024-05-06,4405,Smartphone,8,86.4
655,2023-08-08,4367,Smartwatch,2,23.05
656,2024-05-15,6220,Laptop,7,60.29
657,2024-05-26,4278,Smartwatch,4,98.31
658,2023-12-17,8226,Smartwatch,6,89.42
659,2023-07-21,9851,Laptop,1,64.58
660,2023-07-21,4614,Smartphone,0,73.66
661,2024-01-21,3919,Laptop,4,56.92
662,2024-06-23,3657,Tablet,1,24.28
663,2024-07-15,8807,Laptop,7,92.57
664,2023-11-12,2621,Smartwatch,4,21.99
665,2024-01-28,7354,Smartwatch,5,0.01
666,2023-08-04,6984,Headphones,8,43.85
667,2023-07-21,2981,Laptop,9,18.51
668,2024-04-03,3327,Headphones,3,22.52
669,2023-09-18,2022,Laptop,3,95.79
670,2023-10-19,3173,Smartwatch,3,40.32
671,2024-02-15,9331,Tablet,0,52.93
672,2023-12-07,8709,Smartphone,3,32.8
673,2023-10-01,6414,Tablet,7,54.04
674,2023-11-10,2201,Laptop,7,60.61
675,2023-12-01,8809,Laptop,2,94.12
676,2023-09-09,7536,Tablet,1,10.47
677,2024-06-08,8311,Smartphone,0,71.13
678,2023-11-11,7135,Smartwatch,2,41.29
679,2024-05-24,4117,Tablet,6,87.19
680,2023-10-09,3390,Headphones,9,43.31
681,2023-08-23,5849,Smartphone,5,52.38
682,2023-09-18,5725,Smartwatch,7,93.13
683,2023-09-23,1047,Headphones,6,87.53
684,2023-09-05,3319,Headphones,0,23.15
685,2023-11-08,8498,Smartphone,2,73.82
686,2024-02-09,1174,Tablet,9,96.27
687,2024-01-09,3902,Laptop,5,24.34
688,2023-09-03,9010,Smartphone,5,45.69
689,2024-04-22,6015,Headphones,8,46.62
690,2023-10-27,7512,Headphones,3,76.03
691,2023-09-01,9711,Headphones,1,22.01
692,2024-04-23,7310,Tablet,4,98.68
693,2024-07-15,2141,Smartphone,9,32.1
694,2024-06-14,9603,Smartwatch,0,74.68
695,2024-01-06,3505,Laptop,1,52.25
696,2023-10-01,8211,Tablet,7,66.76
697,2024-03-26,3145,Smartphone,7,10.63
698,2023-09-26,8736,Laptop,1,90.15
699,2023-08-23,4113,Smartwatch,9,3.29
700,2023-07-30,3703,Laptop,2,82.55
701,2024-02-12,2271,Headphones,3,16.98
702,2024-05-02,3239,Tablet,6,52.92
703,2023-11-15,7757,Headphones,9,31.95
704,2023-07-19,1237,Headphones,5,81.64
705,2023-10-18,4719,Tablet,1,10.73
706,2024-05-14,9751,Laptop,0,44.9
707,2023-08-20,2751,Tablet,3,11.03
708,2024-02-10,8200,Tablet,2,96.1
709,2024-02-26,3156,Laptop,5,16.58
710,2024-03-30,1835,Headphones,4,33.92
711,2023-11-02,5262,Tablet,8,78.68
712,2023-09-25,5079,Smartphone,8,84.95
713,2024-02-20,3462,Smartphone,0,6.21
714,2024-05-30,5212,Laptop,4,4.16
715,2023-07-23,5837,Tablet,0,16.85
716,2024-05-17,3413,Smartphone,7,73.87
717,2024-04-07,7455,Laptop,9,17.49
718,2023-08-16,3338,Tablet,4,73.75
719,2023-12-04,2738,Tablet,4,19.81
720,2024-01-29,1445,Laptop,4,83.91
721,2023-11-05,7652,Smartwatch,3,30.63
722,2024-05-04,7573,Smartphone,5,97.48
723,2024-01-18,4110,Smartwatch,3,16.96
724,2023-11-19,6550,Headphones,3,35.55
725,2024-02-28,7300,Laptop,8,58.15
726,2023-11-04,9077,Headphones,8,63.68
727,2023-09-23,7435,Smartphone,0,53.5
728,2023-12-15,2329,Headphones,7,16.11
729,2023-12-09,8474,Smartwatch,9,73.16
730,2023-11-21,8282,Headphones,3,6.39
731,2024-03-09,9358,Headphones,6,80.5
732,2024-04-01,7999,Tablet,0,65.93
733,2024-06-25,7466,Headphones,2,3.41
734,2024-04-08,3302,Smartphone,7,65.77
735,2023-08-20,6352,Smartwatch,6,45.32
736,2024-04-03,9001,Tablet,1,23.15
737,2024-05-26,6640,Tablet,7,10.95
738,2023-07-25,1176,Smartwatch,0,45.9
739,2023-07-18,9852,Laptop,3,30.15
740,2023-11-21,8924,Smartwatch,4,42.15
741,2024-03-26,5833,Tablet,7,10.83
742,2024-02-12,6695,Laptop,9,79.5
743,2024-02-07,3720,Headphones,5,37.27
744,2023-11-03,3341,Laptop,3,90.82
745,2023-08-26,7645,Laptop,6,79.37
746,2024-04-28,3248,Laptop,9,44.72
747,2024-05-09,2661,Laptop,4,92.97
748,2023-08-17,3065,Headphones,1,74.63
749,2024-01-27,8671,Tablet,9,23.87
750,2024-07-11,9470,Tablet,0,64.28
751,2023-11-11,2917,Smartphone,0,70.23
752,2024-02-29,2220,Headphones,7,83.89
753,2023-11-29,3108,Laptop,7,84.66
754,2023-09-27,9382,Smartwatch,8,91.5
755,2023-09-10,6886,Tablet,7,80.94
756,2024-03-28,7545,Smartphone,5,36.51
757,2024-03-16,3741,Tablet,7,86.38
758,2024-04-22,5734,Smartwatch,0,80.94
759,2024-01-22,9217,Headphones,5,26.13
760,2023-11-20,9466,Smartphone,7,72.39
761,2024-02-11,7438,Headphones,1,35.38
762,2023-12-31,5531,Tablet,2,22.35
763,2024-06-14,4010,Smartwatch,6,77.81
764,2024-03-18,7292,Tablet,7,92.77
765,2023-07-27,5658,Smartphone,4,78.22
766,2023-08-13,1596,Headphones,2,5.77
767,2024-07-07,6536,Tablet,6,97.45
768,2023-12-25,1330,Smartwatch,4,77.7
769,2023-08-14,5626,Smartphone,1,75.81
770,2024-02-20,9300,Headphones,2,29.14
771,2024-05-06,7385,Tablet,5,47.94
772,2023-09-27,5968,Laptop,5,54.37
773,2024-01-30,8918,Smartphone,2,24.08
774,2024-05-11,2991,Smartwatch,2,39.04
775,2023-09-17,8804,Smartphone,8,22.35
776,2024-02-12,3240,Smartwatch,9,46.21
777,2023-10-02,1011,Headphones,1,70.33
778,2024-07-05,4483,Tablet,0,29.76
779,2023-12-22,4249,Headphones,7,67.86
780,2024-01-04,3183,Laptop,2,6.69
781,2024-07-08,8492,Smartphone,1,28.39
782,2024-05-29,4535,Smartwatch,9,18.36
783,2024-02-03,9674,Headphones,3,12.66
784,2024-05-10,9515,Smartwatch,6,97.65
785,2023-08-18,5730,Laptop,4,71.24
786,2023-08-17,3143,Laptop,1,46.43
787,2024-06-11,2192,Laptop,0,17.31
788,2024-04-05,3688,Smartwatch,2,14.08
789,2024-02-06,4182,Smartwatch,1,39.76
790,2024-03-06,6002,Smartwatch,9,94.64
791,2024-04-07,1790,Headphones,0,94.09
792,2024-05-09,2661,Smartwatch,9,99.11
793,2024-03-15,6508,Laptop,9,77.57
794,2023-08-31,1620,Smartwatch,5,27.38
795,2024-03-05,5816,Smartwatch,4,44.74
796,2024-04-11,7905,Smartwatch,9,9.75
797,2024-04-27,8423,Tablet,9,83.47
798,2023-10-02,8862,Laptop,4,20.95
799,2024-02-05,9870,Smartphone,7,42.44
800,2024-05-27,4707,Laptop,9,89.01
801,2024-01-01,8733,Tablet,3,80.07
802,2023-12-22,3850,Tablet,4,56.89
803,2024-04-04,7239,Smartphone,3,57.39
804,2024-02-27,6918,Smartphone,4,93.47
805,2023-10-10,7900,Laptop,6,43.63
806,2023-09-14,4838,Laptop,4,66.94
807,2023-12-05,6945,Tablet,2,21.42
808,2023-10-15,7327,Smartphone,0,25.39
809,2023-08-08,1402,Laptop,3,76.06
810,2024-06-24,4372,Headphones,5,55.23
811,2023-10-08,1727,Headphones,3,87.37
812,2023-10-11,3912,Smartwatch,6,93.13
813,2024-07-05,2615,Tablet,5,88.72
814,2024-06-21,1079,Laptop,2,46.52
815,2023-10-24,8488,Tablet,9,7.52
816,2023-09-25,8250,Laptop,0,90.19
817,2023-09-01,3541,Headphones,0,95.34
818,2024-01-01,9842,Smartwatch,0,40.03
819,2024-02-11,4833,Smartphone,7,73.94
820,2023-09-21,2778,Laptop,8,43.84
821,2023-09-12,7164,Laptop,4,93.14
822,2024-01-06,1984,Headphones,8,59.11
823,2023-12-31,5146,Smartphone,3,17.66
824,2023-10-20,5118,Smartphone,2,5.46
825,2024-01-05,3328,Tablet,3,89.17
826,2024-06-27,4782,Smartwatch,6,71.03
827,2023-08-03,9884,Laptop,7,73.67
828,2023-09-10,3781,Smartphone,5,98.74
829,2023-11-07,6767,Headphones,6,61.85
830,2024-02-18,8568,Smartwatch,0,60.2
831,2023-10-09,2183,Headphones,5,61.02
832,2023-11-02,4817,Smartwatch,2,45.67
833,2024-03-28,3244,Headphones,8,13.41
834,2024-06-25,3191,Tablet,3,48.87
835,2024-06-30,8009,Smartwatch,8,26.66
836,2023-10-14,3692,Tablet,9,79.46
837,2023-11-28,6150,Headphones,4,12.39
838,2023-12-23,1517,Laptop,7,88.0
839,2024-03-15,3209,Tablet,4,32.24
840,2023-07-17,9033,Smartwatch,1,2.12
841,2024-01-01,8947,Smartwatch,8,82.1
842,2023-09-24,1978,Smartphone,4,85.99
843,2024-01-13,9859,Tablet,0,45.68
844,2024-01-23,6334,Headphones,2,55.06
845,2024-06-24,6089,Headphones,8,87.74
846,2024-06-27,2533,Smartphone,0,51.98
847,2024-02-20,7403,Smartphone,8,3.05
848,2024-06-04,4474,Smartwatch,4,51.23
849,2024-05-16,4985,Headphones,6,86.88
850,2024-07-05,1218,Laptop,5,79.42
851,2023-12-11,2892,Tablet,2,20.4
852,2024-01-12,1850,Smartwatch,6,29.29
853,2024-03-02,6183,Headphones,7,15.88
854,2024-04-06,1094,Smartphone,7,78.71
855,2024-04-05,1275,Tablet,9,0.26
856,2023-12-27,1692,Smartphone,9,38.51
857,2023-12-26,4418,Laptop,2,95.6
858,2023-08-28,3093,Headphones,4,52.26
859,2023-09-20,1115,Headphones,2,23.99
860,2023-12-02,2554,Headphones,1,78.24
861,2023-11-21,4092,Headphones,0,26.7
862,2023-07-19,4479,Tablet,8,2.88
863,2024-05-06,7310,Smartwatch,1,79.22
864,2023-11-11,1711,Laptop,9,83.98
865,2024-01-07,6978,Tablet,3,9.32
866,2024-01-25,9927,Smartphone,9,11.89
867,2024-04-03,1675,Tablet,3,79.31
868,2023-11-20,2568,Smartwatch,5,55.73
869,2024-04-26,3926,Tablet,4,51.91
870,2023-10-18,7104,Tablet,5,18.88
871,2023-08-04,8577,Smartwatch,4,76.65
872,2023-11-25,7355,Tablet,7,48.01
873,2024-03-31,5749,Headphones,1,16.47
874,2024-01-08,1086,Laptop,8,28.17
875,2023-12-13,7475,Headphones,7,91.99
876,2023-10-26,8629,Tablet,6,20.3
877,2023-12-24,4190,Smartphone,7,29.08
878,2023-10-11,2437,Tablet,9,89.53
879,2023-08-13,2514,Laptop,2,99.63
880,2024-03-05,8827,Tablet,2,83.64
881,2023-09-14,2541,Headphones,3,6.66
882,2024-03-02,1551,Smartwatch,2,84.59
883,2024-02-25,9522,Tablet,5,17.21
884,2024-05-26,3934,Headphones,9,29.19
885,2023-09-11,5124,Smartwatch,1,75.16
886,2023-12-24,9809,Smartphone,0,98.49
887,2024-01-28,2948,Tablet,7,81.37
888,2024-06-08,1449,Laptop,3,47.94
889,2023-08-08,4281,Smartwatch,5,20.25
890,2024-06-27,2495,Laptop,3,22.98
891,2023-12-29,7017,Laptop,0,90.75
892,2024-01-23,2053,Smartwatch,6,60.0
893,2023-08-03,6720,Tablet,1,42.19
894,2024-01-03,3349,Tablet,7,55.67
895,2024-05-15,9810,Tablet,7,34.6
896,2024-05-14,9736,Headphones,0,16.13
897,2023-08-18,2948,Tablet,8,96.94
898,2024-04-23,5197,Tablet,3,65.69
899,2024-05-14,5353,Smartwatch,5,85.35
900,2024-05-03,7922,Smartwatch,1,69.28
901,2024-02-19,7038,Laptop,3,69.02
902,2024-01-17,9960,Smartphone,5,81.6
903,2024-05-23,6652,Headphones,2,76.27
904,2023-12-08,9263,Smartwatch,9,12.08
905,2023-12-18,5682,Tablet,0,7.26
906,2023-10-27,8523,Smartphone,4,79.61
907,2024-04-12,9743,Smartwatch,6,79.02
908,2023-07-22,2253,Smartphone,4,63.49
909,2024-01-13,5937,Smartphone,0,10.21
910,2024-04-06,7759,Tablet,4,35.75
911,2023-07-31,7810,Smartwatch,0,35.9
912,2023-09-11,1913,Laptop,9,15.85
913,2023-08-24,7278,Smartwatch,5,72.59
914,2024-04-22,1290,Smartwatch,0,76.48
915,2024-01-31,1035,Smartwatch,5,22.95
916,2024-01-16,2663,Tablet,9,7.7
917,2024-07-01,7621,Smartphone,4,89.27
918,2024-03-01,1372,Smartphone,9,67.71
919,2023-12-08,3002,Smartphone,0,92.02
920,2023-10-31,9092,Laptop,2,25.67
921,2023-10-18,4491,Headphones,1,7.68
922,2023-10-13,6353,Smartwatch,3,83.49
923,2023-10-29,1982,Smartphone,5,78.29
924,2023-08-08,6587,Laptop,3,58.14
925,2023-12-01,2265,Headphones,3,3.69
926,2024-03-28,6256,Smartphone,2,97.22
927,2023-12-25,8185,Laptop,7,52.31
928,2024-05-24,4487,Headphones,8,58.22
929,2024-01-25,3039,Smartwatch,7,0.72
930,2024-04-17,6581,Headphones,2,81.3
931,2023-11-17,7624,Laptop,0,91.51
932,2023-07-25,5023,Headphones,2,65.28
933,2024-01-15,5627,Smartwatch,8,70.67
934,2023-09-24,8258,Smartwatch,8,37.16
935,2024-03-12,3803,Smartphone,8,33.89
936,2023-09-09,2781,Smartwatch,4,91.31
937,2024-02-01,9193,Smartwatch,8,80.25
938,2023-10-25,1142,Tablet,0,86.41
939,2024-01-29,6299,Laptop,7,23.62
940,2024-01-11,4122,Laptop,6,71.53
941,2024-05-25,1262,Tablet,7,17.12
942,2024-06-13,9450,Headphones,5,47.26
943,2024-05-31,8449,Tablet,3,21.71
944,2024-06-07,3061,Laptop,0,84.74
945,2023-07-21,3467,Laptop,2,23.88
946,2024-04-07,3422,Laptop,7,46.11
947,2024-06-22,5862,Laptop,0,85.82
948,2024-03-10,6500,Headphones,7,65.13
949,2023-09-07,3217,Laptop,3,44.63
950,2023-11-02,3227,Tablet,1,33.46
951,2023-10-18,6916,Smartphone,3,40.32
952,2023-07-26,9508,Headphones,7,35.24
953,2024-06-27,1827,Headphones,2,84.75
954,2023-11-19,2282,Laptop,2,95.29
955,2024-04-16,5930,Smartphone,7,90.65
956,2023-07-28,4713,Smartwatch,6,55.69
957,2023-10-11,1617,Smartphone,8,9.57
958,2023-12-08,7718,Smartphone,8,51.25
959,2024-03-02,5513,Tablet,8,57.4
960,2023-08-15,5807,Laptop,4,33.79
961,2024-07-12,8770,Headphones,4,61.62
962,2024-03-20,2899,Smartwatch,9,20.97
963,2024-04-22,9922,Laptop,5,47.44
964,2024-04-19,1494,Smartwatch,7,98.28
965,2024-05-09,2672,Tablet,2,33.91
966,2024-06-27,7263,Smartwatch,3,71.62
967,2023-11-16,6531,Smartphone,5,80.84
968,2023-09-30,8324,Headphones,8,84.77
969,2024-05-31,6082,Smartphone,2,25.43
970,2023-08-02,9270,Tablet,0,12.66
971,2023-09-06,1343,Headphones,7,12.52
972,2024-06-05,4490,Headphones,9,36.29
973,2023-12-30,3916,Headphones,6,51.97
974,2023-09-04,3618,Headphones,1,6.9
975,2024-06-25,6894,Laptop,3,5.3
976,2023-10-14,5262,Smartwatch,9,12.48
977,2024-02-29,6686,Smartwatch,5,88.03
978,2023-11-21,7701,Headphones,9,12.18
979,2024-02-24,6220,Laptop,8,70.94
980,2023-12-08,9356,Smartphone,0,90.12
981,2023-12-27,7781,Smartwatch,5,35.64
982,2023-08-26,5485,Smartwatch,8,29.87
983,2024-05-20,8157,Smartwatch,0,81.37
984,2023-09-03,6778,Smartphone,8,79.74
985,2024-03-22,1129,Smartphone,6,17.12
986,2024-02-07,2203,Laptop,8,7.9
987,2023-08-04,3364,Laptop,8,96.02
988,2023-09-25,4412,Tablet,2,51.2
989,2023-12-31,7638,Tablet,1,28.55
990,2024-07-09,5387,Smartwatch,7,29.87
991,2024-03-30,3286,Smartphone,0,42.1
992,2024-02-13,1887,Smartwatch,9,44.27
993,2023-07-31,8569,Smartphone,2,60.4
994,2023-08-09,6012,Smartwatch,0,6.59
995,2024-04-06,2963,Laptop,1,82.37
996,2023-10-10,5621,Laptop,9,62.95
997,2024-05-21,7915,Laptop,9,66.28
998,2023-07-20,6587,Smartphone,9,5.82
999,2023-08-01,2278,Tablet,9,65.35
